{"stats":{"minecraft:picked_up":{"minecraft:feather":1,"minecraft:spruce_sapling":1,"minecraft:chicken":1,"minecraft:spruce_log":8,"minecraft:dirt":1},"minecraft:killed":{"minecraft:chicken":1},"minecraft:mined":{"minecraft:large_fern":1,"minecraft:spruce_leaves":4,"minecraft:spruce_log":8,"minecraft:dirt":1},"minecraft:custom":{"minecraft:jump":40,"minecraft:time_since_rest":2554,"minecraft:damage_dealt":50,"minecraft:leave_game":4,"minecraft:time_since_death":2554,"minecraft:play_one_minute":2554,"minecraft:crouch_one_cm":93,"minecraft:walk_one_cm":19192,"minecraft:sprint_one_cm":331,"minecraft:sneak_time":7,"minecraft:mob_kills":1,"minecraft:fall_one_cm":209,"minecraft:fly_one_cm":457}},"DataVersion":2586}